"Countries","AT","CCAMLR","Colonization.Status","InNATO","IndepEstYr","Age","Continent","GDP","GDPperCap","Edu_Per","Mil_Per","Mil_Total","NatResRents","Edu_Total"
"Afghanistan","Neither","Neither","Colonized","No",1919,106,"Asia",15824739254.5026,385.509523751723,NA,1.59339539180315,278913871.47006,0.367251810644828,NA
"Albania","Neither","Neither","Colonized","Yes",1912,113,"Europe",19017247013.8821,7756.96188744253,3.04854500293732,1.29583570269739,228693159.623738,1.10898554226817,579749333.537948
"Algeria","Neither","Neither","Colonized","Partner",1962,63,"Africa",225581644702.568,4960.30334332888,5.61015717726636,5.88614822110901,9708277440.22726,18.3123237207713,12655484830.8766
"Andorra","Neither","Neither","Colonized","No",1993,32,"Europe",3380611694.73392,42425.7066454357,2.50702610078383,NA,NA,0,84752817.55313
"Angola","Neither","Neither","Colonized","No",1975,50,"Africa",100998916781.079,2665.87444776753,2.44904780866209,1.40725542077164,993594404.625879,25.1075501140549,2473511758.19946
"Antigua and Barbuda","Neither","Neither","Colonized","No",1981,44,"North America",1866566666.66667,20105.1989085164,2.75707848903753,NA,NA,0,51462708.0502115
"Argentina","CP","Member","Neither","No",1816,209,"South America",633993756301.08,13962.1894087223,4.89793515205383,0.684586409291956,4177618452.20522,2.04135660756737,31052603051.6971
"Armenia","Neither","Neither","Colonized","Partner",1991,34,"Asia",19513506553.1251,6571.97445545099,2.59872996807098,4.98254372367497,795201580.049707,4.7381026671642,507103342.617556
"Aruba","Neither","Neither","Colonized","No",1996,29,"South America",3324034443.26581,30975.9989121779,3.61855755636695,NA,NA,0.0025516607969536,120282099.523035
"Australia","CP","Member","Colonizer","Partner",1901,124,"Oceania",1695627535475.8,64603.9856308464,5.34109020233154,1.8837883329175,32445330432.014,9.72551696941733,90564996165.3337
"Austria","NonCP","Neither","Colonized","Partner",1955,70,"Europe",480466363176.806,53648.6437976214,5.48071002960205,0.873515488270759,4196428571.42857,0.0943531369319455,26332968155.4954
"Azerbaijan","Neither","Neither","Colonized","Partner",1991,34,"Asia",72428470588.2353,7133.02838048328,3.68122005462646,4.93051740712765,2991035294.11765,21.470564675594,2666251384.55335
"Bahamas, The","Neither","Neither","Colonized","No",1973,52,"North America",13896800000,34957.1613279737,2.89541112728221,NA,NA,0.016978315625579,402369493.536153
"Bahrain","Neither","Neither","Colonized","Partner",1971,54,"Asia",46192260638.2979,29290.1284215098,1.86947054014456,3.51979682208909,1437500000,13.6720875665083,863550704.459768
"Bangladesh","Neither","Neither","Neither","No",1971,54,"Asia",437415333018.291,2551.01773827307,2.13974351741877,0.990983394484057,4214350329.15342,0.585468438505075,9359566232.4546
"Barbados","Neither","Neither","Colonized","No",1966,59,"North America",6884900000,24387.0387293761,3.86529994010925,NA,NA,0.233374572783446,266122035.576582
"Belarus","NonCP","Neither","Colonized","No",1991,34,"Europe",72478760370.4258,7896.75388295584,4.86263990402222,1.64869313490861,1105174741.30497,1.69197035938706,3524381123.71297
"Belgium","CP","Member","Colonizer","Yes",1830,195,"Europe",598522422241.851,51658.238294958,6.38081979751587,1.16246551287247,6890161299.82246,0.036689533563271,38190637210.9796
"Belize","Neither","Neither","Colonized","No",1973,52,"North America",2846604350,7068.21728043145,4.62276317232973,0.992933768484191,27805037.5,0.500975271576396,131591777.553736
"Benin","Neither","Neither","Colonized","No",1960,65,"Africa",17687623530.3355,1318.65158075198,3.09709532436715,0.632087491743063,110010370.317322,2.36620256038614,547802561.349685
"Bhutan","Neither","Neither","Colonized","No",1907,118,"Asia",2833515351.9339,3640.97012981232,6.22178304943213,NA,NA,2.76264340499156,176295177.86968
"Bolivia","Neither","Neither","Neither","No",1825,200,"South America",50959081953.6903,4219.46113742445,7.89381980895996,1.32579943750687,536247233.213096,6.09403699668142,4022618105.72455
"Bosnia and Herzegovina","Neither","Neither","Neither","Partner",1992,33,"Europe",24534663636.1778,7655.59421024383,3.13259457484451,0.752028730749218,197332515.798312,0.797323778951834,768571542.023255
"Botswana","Neither","Neither","Colonized","No",1966,59,"Africa",19402063512.9066,7807.88794570471,8.05833660991541,2.83392800595041,512727689.054822,0.856788416308345,1563483587.13959
"Brazil","CP","Member","Neither","No",1822,203,"South America",1951923832083.87,9281.33282136864,5.61920976638794,1.05240083845945,20542063567.3716,5.58549427988314,109682694604.911
"Brunei Darussalam","Neither","Neither","Colonized","No",1984,41,"Asia",15095084656.1634,32890.5491812019,NA,3.23636748209722,448911490.729443,19.0162342588727,NA
"Bulgaria","CP","Acceding","Colonized","Yes",1908,117,"Europe",90506153293.6733,13999.1949530956,4.50109004974365,1.58707500372134,1436901369.51973,0.768340151742101,4073763460.30726
"Burkina Faso","Neither","Neither","Colonized","No",1960,65,"Africa",19697516284.3787,873.482589651003,5.27185050008134,2.98161566942536,562583349.170273,14.6566141574599,1038423610.74162
"Burundi","Neither","Neither","Colonized","No",1962,63,"Africa",3430949249.91221,255.8324539389,5.09636340365553,2.59858091417074,101434221.215165,13.9022930731172,174853641.97052
"Cabo Verde","Neither","Neither","Colonized","No",1975,50,"Africa",2247003344.34242,4323.31362032709,5.44007925548252,0.566494134671967,11279268.103582,14.620261066887,122238762.80557
"Cambodia","Neither","Neither","Colonized","No",1953,72,"Asia",39994532959.6074,2325.03050040841,2.07161987607853,1.5448976529505,630407255.027116,0.887320695750192,828534694.136006
"Cameroon","Neither","Neither","Colonized","No",1961,64,"Africa",45011937346.8384,1672.32657340872,2.84419193195497,0.96440732254506,443336832.005677,4.93400268458752,1280225890.43541
"Canada","NonCP","Acceding","Colonizer","Yes",1867,158,"North America",2173339670064.33,54220.3285039875,4.84426021575928,1.25420081409628,25567943876.0417,3.09543728034054,105282228990.24
"Central African Republic","Neither","Neither","Colonized","No",1960,65,"Africa",2516498412.46384,492.263142830507,1.99380410604687,2.14924843936704,55515012.0969341,10.0727623114896,50174048.6763085
"Chad","Neither","Neither","Colonized","No",1960,65,"Africa",17828508289.6049,949.333453674592,2.67060789697194,2.11758982875058,331746766.049468,17.6380107151635,476129550.294485
"Channel Islands","Neither","Neither","Neither","No",1204,821,"Europe",11232906307.5385,67271.2690636815,NA,NA,NA,NA,NA
"Chile","CP","Member","Colonizer","No",1810,215,"South America",315325547162.072,16206.8325493421,5.00225019454956,1.63026388670906,5194059174.29763,11.1957931238423,15773372796.3792
"China","CP","Member","Colonizer","No",1949,76,"Asia",18270356654533.2,12951.1782397043,3.89714002609253,1.66484889659813,291958428460.21,1.28566981172775,712021382093.673
"Colombia","NonCP","Neither","Neither","Partner",1819,206,"South America",345632492851.448,6680.44506854481,5.26166009902954,3.1957582534691,10180134292.0766,3.93757931499042,18186006965.6458
"Comoros","Neither","Neither","Colonized","No",1975,50,"Africa",1272238390.85864,1554.97289190153,2.35975986681303,NA,NA,1.61382189411043,30021770.9576701
"Congo, Dem. Rep.","Neither","Neither","Colonized","No",1960,65,"Africa",69843655425.2929,649.383338556725,2.66048474102788,0.729735329108429,371081599.85082,27.3777319276392,1858179795.16601
"Congo, Rep.","Neither","Neither","Colonized","No",1960,65,"Africa",15321055822.5167,2482.2489948456,3.32643372765492,1.97625641072141,284994429.664049,31.9653402581393,509644768.313034
"Cook Islands","Neither","Acceding","Colonized","No",1965,60,"Oceania",253977931814.967,49099.7090423358,5.3770899772644,1.19404695449297,2905571074.96464,1.38329038795723,13656621916.086
"Costa Rica","NonCP","Neither","Neither","No",1821,204,"North America",69243626028.5936,13625.9008491328,5.89782977104187,NA,0,0.834077806985012,4083871190.46329
"Cote d'Ivoire","Neither","Neither","Colonized","No",1960,65,"Africa",72794636653.7793,2455.98127641148,3.47484993934631,0.865226904910508,637656912.817499,3.66333032145327,2529504387.61122
"Croatia","Neither","Neither","Colonized","Yes",1991,34,"Europe",71196498671.1145,18465.5414420364,4.2501049041748,1.79323424509814,1360346003.46448,0.56014641495889,3025925881.62179
"Cuba","NonCP","Neither","Colonized","No",1902,123,"North America",1.07352e+11,9605.27914559614,9.3858620562531,NA,NA,0.565351678337536,10075910634.6288
"Curacao","Neither","Neither","Colonized","No",2010,15,"South America",3075180834.72417,20057.1404747175,6.08167033605813,NA,NA,0,187022360.605565
"Cyprus","Neither","Neither","Colonized","No",1960,65,"Europe",31218038929.0919,33231.04296875,5.08247995376587,1.72118847605333,541804635.761589,0.010347825569719,1586650570.52992
"Czechia","CP","Neither","Colonized","Yes",1918,107,"Europe",301831228325.556,28282.2236715857,4.62503004074097,1.35325325729994,4005428325.66409,0.405785459116916,13959784982.3944
"Denmark","NonCP","Neither","Colonizer","Yes",980,1045,"Europe",404651706117.557,68043.5466971243,6.95915985107422,1.37376885314973,5475015487.99119,0.250498559223693,28160359068.8199
"Djibouti","Neither","Neither","Colonized","No",1977,48,"Africa",3562814908.76149,3133.25779772463,NA,NA,NA,0.299629623141035,NA
"Dominica","Neither","Neither","Colonized","No",1978,47,"North America",623062962.962963,9323.66089490562,5.38572189060925,NA,NA,0.0396785992860137,33556438.3885749
"Dominican Republic","Neither","Neither","Colonized","No",1844,181,"North America",113478087134.8,10104.2449349081,3.68576822911416,0.746231922011371,773360376.516256,1.65821213962532,4182539282.62094
"Ecuador","CP","Member","Neither","No",1809,216,"South America",116133121000,6515.58528418336,3.69074988365173,2.24210709535338,2586480000,4.81187194361285,4286183028.18862
"Egypt","Neither","Neither","Colonized","Partner",1922,103,"Africa",395926075163.006,3511.11381026379,NA,1.01475596559521,4505374644.32501,4.19843167358853,NA
"El Salvador","Neither","Neither","Neither","No",1821,204,"North America",31870120000,5074.60210221806,3.31666994094849,1.33693500391086,425200000,0.649721126032831,1057026690.18421
"Equatorial Guinea","Neither","Neither","Colonized","No",1968,57,"Africa",12337550583.754,6745.40013244916,NA,1.34533764165546,162192394.152675,20.090831466498,NA
"Eritrea","Neither","Neither","Colonized","No",1993,32,"Africa",NA,NA,NA,NA,NA,NA,NA
"Estonia","NonCP","Neither","Colonized","Yes",1917,108,"Europe",38226641740.29,28340.3826549406,5.21514987945557,2.26136428332919,818278963.709643,1.57573462320215,1993576660.63865
"Eswatini","Neither","Neither","Colonized","No",1968,57,"Africa",4746660273.50829,3894.1620089869,5.32546270122803,1.65499533493805,79655264.6081486,3.19039851145398,252781622.419692
"Ethiopia","Neither","Neither","Colonizer","No",1270,755,"Africa",123140304666,982.103161506992,3.73649512188829,0.882490047359025,1409020101.00844,5.68238703807701,4601131476.92347
"Fiji","Neither","Neither","Colonized","No",1970,55,"Oceania",4977861885.60316,5414.12092119088,4.54974209009977,1.36090769946015,71181003.99754,1.8521946966298,226479877.396321
"Finland","CP","Acceding","Both","Yes",1917,108,"Europe",294223210496.119,52834.2916752703,6.58820009231567,1.58854518946055,4446368019.38627,0.368783541645106,19384013825.5194
"France","CP","Member","Colonizer","Yes",843,1182,"Europe",2966433692008.09,43725.0999521245,5.41743993759155,1.98022225807935,58734626300.8515,0.029584251060387,160704763553.018
"French Polynesia","Neither","Neither","Colonized","No",1984,41,"Oceania",5994931236.42282,21426.3854449835,NA,NA,NA,0.00381372015237275,NA
"Gabon","Neither","Neither","Colonized","No",1960,65,"Africa",19444935097.2395,8181.40914134656,2.50836788832908,1.538206793748,277674768.990569,15.9960845273511,487750507.885587
"Gambia, The","Neither","Neither","Colonized","No",1965,60,"Africa",2204734527.88096,836.244875868476,2.88951657174754,0.705923163360025,14805015.9297537,2.94556172775433,63706169.5461603
"Georgia","Neither","Neither","Colonized","Partner",1918,107,"Europe",24984568959.605,6729.84659930283,3.75498008728027,1.65864808405362,401381726.184684,1.15749499164348,938165589.325975
"Germany","CP","Member","Colonizer","Yes",1871,154,"Europe",4355251953410.78,52349.2459994422,5.36734008789062,1.35598993512329,56513126773.8884,0.0769151485057048,233761184024.056
"Ghana","Neither","Neither","Colonized","No",1957,68,"Africa",79514204730.3979,2383.90410483418,3.4005042684722,0.382741906430833,268736705.433852,10.9170320427597,2703883925.8989
"Greece","NonCP","Acceding","Neither","Yes",1830,195,"Europe",218303801895.326,20886.5243087629,3.37547993659973,3.12797536550149,8021963044.4518,0.0631839580009281,7368801033.81115
"Greenland","Neither","Neither","Colonized","No",1953,72,"Europe",3222956619.6766,56885.4973200713,NA,NA,NA,0,NA
"Grenada","Neither","Neither","Colonized","No",1974,51,"North America",1224007407.40741,10469.3867012856,4.09030334217367,NA,NA,0,50065615.8936386
"Guatemala","NonCP","Neither","Colonized","No",1840,185,"North America",95641446500.6523,5358.70156997677,3.10877990722656,0.41898209578954,415185334.034068,1.64089360758847,2973282071.79312
"Guinea","Neither","Neither","Colonized","No",1958,67,"Africa",19910452541.9219,1416.59612011764,2.02398561795885,2.05370337042453,441260169.726193,4.67362342062207,402984695.919022
"Guinea-Bissau","Neither","Neither","Colonized","No",1975,50,"Africa",1908094558.33981,926.780921081233,NA,1.42932816566546,24915535.1563838,10.7900449033712,NA
"Guyana","Neither","Neither","Colonized","No",1966,59,"South America",14718388489.2086,17913.4928066879,NA,0.868162254451279,88198241.2136681,23.7909071287181,NA
"Haiti","Neither","Neither","Neither","No",1804,221,"North America",20253551920.5516,1760.62635668777,1.0702172688272,0.0687408576027912,15834887.0714861,0.452743048297374,216757010.204627
"Honduras","Neither","Neither","Neither","No",1821,204,"North America",31426041806.7985,3003.28996826399,5.21561119482491,1.49821773541885,458310727.89078,1.22890706045844,1639060154.56574
"Hungary","NonCP","Neither","Both","Yes",1849,176,"Europe",183282685440.486,19030.628130329,4.12265014648438,1.83314817173654,3256817190.99744,0.303508925064258,7556103899.7927
"Iceland","NonCP","Neither","Neither","Yes",1944,81,"Europe",29166102877.2755,76350.4550416502,8.2265796661377,NA,0,0.000107880918343624,2399372688.70675
"India","CP","Member","Colonized","No",1947,78,"Asia",3346107287730.93,2347.44829434623,4.29335021972656,2.38309809835882,79976789327.937,2.47200729125373,143660104590.082
"Indonesia","Neither","Neither","Colonized","No",1945,80,"Asia",1319101183380.15,4730.83484836107,1.02407486003092,0.779216788275608,10133923494.1363,3.79785370363403,13508583597.3664
"Iran, Islamic Rep.","Neither","Neither","Colonizer","No",1935,90,"Asia",422662261525.665,4721.20437099984,2.82443290958712,2.17701027609522,7390861136.37782,26.843615946916,11937812010.9361
"Iraq","Neither","Neither","Colonized","Partner",1921,104,"Asia",268881051643.549,5965.31835077761,NA,2.26269486919183,5518874505.2831,35.4314354384301,NA
"Ireland","Neither","Neither","Colonized","Partner",1919,106,"Europe",548341794599.09,105190.685952731,3.0481299161911,0.238637692712824,1267738883.63292,0.0688754587481944,16714170284.154
"Israel","Neither","Neither","Colonizer","Partner",1948,77,"Asia",512184638998.974,52270.9040241956,6.16727018356323,5.27626408809404,24340979541.2275,0.356932713446822,31587810525.7747
"Italy","CP","Member","Colonizer","Yes",1861,164,"Europe",2179207773596.09,36852.5425414951,4.17118978500366,1.65164252620196,36232722327.3415,0.0839898358356151,90898892046.2458
"Jamaica","Neither","Neither","Colonized","No",1962,63,"North America",18813516805.214,6626.47502388538,5.51383018493652,1.2899994472516,230360218.360918,0.390042293928613,1037345368.45399
"Japan","CP","Member","Colonizer","Partner",400,1625,"Asia",4262463317796.53,34065.6438962526,3.32146489620208,1.06384050244526,51396536058.5254,0.0721508319856625,141576222814.102
"Jordan","Neither","Neither","Colonized","Partner",1946,79,"Asia",48764963380.2817,4332.25159897931,3.23356008529663,4.798376906378,2334573239.43662,0.0646700043656452,1576844391.47431
"Kazakhstan","NonCP","Neither","Colonized","Partner",1991,34,"Asia",225496328925.494,11255.3396437881,4.41594888870542,0.517435849596282,1208967905.89819,19.8415062646092,9957802631.25687
"Kenya","Neither","Neither","Colonized","No",1963,62,"Africa",109703658904.994,2061.35622089594,4.51101801829815,1.01020520038813,1155179523.0194,1.24837027329757,4948751819.93662
"Kiribati","Neither","Neither","Colonized","No",1979,46,"Oceania",285259881.131951,2177.70125812262,15.5082034481244,NA,NA,0.0502470257182928,44238682.7218208
"Korea, Dem. People's Rep.","NonCP","Neither","Colonized","No",1945,80,"Asia",NA,NA,NA,NA,NA,NA,NA
"Korea, Rep.","CP","Member","Colonized","Partner",1945,80,"Asia",1844800934391.54,35674.095995632,4.55590009689331,2.59925771052554,47571318596.7228,0.0815417488589745,84047287557.4328
"Kosovo","Neither","Neither","Colonized","No",2008,17,"Europe",9413408574.4949,5290.95006509706,NA,1.15004614573509,107601580.182924,0.667264413163623,NA
"Kuwait","Neither","Neither","Colonized","Partner",1961,64,"Asia",160227273053.334,34018.6342592913,6.43592667889685,4.84093247384389,7792925565.71038,29.2848672951013,10312109813.3084
"Kyrgyz Republic","Neither","Neither","Colonized","Partner",1991,34,"Asia",12134931017.9465,1739.72018344174,6.28005341345434,2.96620373701758,352132809.831012,9.01706055916777,762080149.612878
"Lao PDR","Neither","Neither","Colonized","No",1949,76,"Asia",16502933121.3379,2123.97909415109,1.66016308655303,NA,NA,4.10011403801438,273975603.878985
"Latvia","Neither","Neither","Colonized","Yes",1991,34,"Europe",38183326784.9335,20261.8887788916,4.76774978637695,2.25461931057619,856142771.799036,1.21985343512697,1820485481.22028
"Lebanon","Neither","Neither","Colonized","No",1944,81,"Asia",22062181752.7962,3849.86618300556,1.41783894368398,1.62409234575544,286217317.801811,0.00250061311735188,312806204.717487
"Lesotho","Neither","Neither","Colonized","No",1966,59,"Africa",2271759454.51107,971.90771824829,6.95632210843777,1.56745014441231,36295976.9958149,4.43668342792881,158030905.184679
"Liberia","Neither","Neither","Colonized","No",1847,178,"Africa",4001047000,744.617175237387,2.27131081506945,0.847050441721288,33825000,19.6908827676061,90876213.2270118
"Libya","Neither","Neither","Colonized","No",1951,74,"Africa",44027664915.187,6026.51518708812,NA,4.8168558869643,1394273667.77997,36.2568460345722,NA
"Liechtenstein","Neither","Neither","Colonized","No",1866,159,"Europe",7669729292.48127,194999.916785212,NA,NA,NA,0.00147146668515006,NA
"Lithuania","Neither","Neither","Both","Yes",1990,35,"Europe",71033884499.7824,25085.784063499,4.25285005569458,2.44457587877222,1734372764.98355,0.298454607864798,3020964596.51102
"Luxembourg","Neither","Neither","Neither","Yes",1835,190,"Europe",86386759695.1653,133230.619178899,3.74451994895935,0.625325775260002,509908559.220392,0.00570748262013606,3234769450.04504
"Madagascar","Neither","Neither","Colonized","No",1960,65,"Africa",15325603272.6097,503.51453347296,3.13290182560215,0.673153896375499,99185920.0335487,5.59534694508717,480136104.712131
"Malawi","Neither","Neither","Colonized","No",1964,61,"Africa",12378119199.0839,604.269740360317,2.74888371105811,0.933234952541455,117546956.731674,4.16089295807813,340260102.398974
"Malaysia","NonCP","Neither","Colonized","No",1957,68,"Asia",399949418752.657,11386.0395636528,3.71328508853913,0.982646998395369,3675489012.31587,5.73176583415583,14851262128.2413
"Maldives","Neither","Neither","Colonized","No",1965,60,"Asia",6177123352.26211,11786.0191492983,4.92025345057363,NA,NA,0.00436294612892698,303930124.885866
"Mali","Neither","Neither","Colonized","No",1960,65,"Africa",22999245262.6719,1027.27345365357,3.85437614199513,3.39955821425498,652883353.286504,13.9437796492194,886477422.243371
"Malta","Neither","Neither","Colonized","Partner",1964,61,"Europe",19739875611.4902,38096.8360735119,4.8211100101471,0.451123319487248,87950567.6442762,0,951681119.096139
"Marshall Islands","Neither","Neither","Colonized","No",1986,39,"Oceania",261245544.433594,6455.66062185762,13.8350374540234,NA,NA,0,36143418.9193551
"Mauritania","Neither","Neither","Colonized","Partner",1960,65,"Africa",9557966698.25369,1960.35240077424,1.891970038414,2.26048047574852,230935492.879084,6.94373056302713,180833866.212548
"Mauritius","Neither","Acceding","Colonized","No",1968,57,"Africa",12936444123.3037,10246.5017455553,4.57479000091553,0.149590857574221,19936715.8630761,0.00267261524456482,591815152.226922
"Mexico","Neither","Neither","Neither","No",1810,215,"North America",1466934724293.06,11405.7940473759,4.23823976516724,0.685819352028866,10065268402.7818,2.6014535859373,62172210814.0349
"Micronesia, Fed. Sts.","Neither","Neither","Colonized","No",1986,39,"Asia",415956900,3710.12451611752,11.5591397849462,NA,NA,0.018960413897646,48081039.5161289
"Moldova","Neither","Neither","Colonized","Partner",1991,34,"Europe",14525337523.7271,5744.29618434435,6.3306999206543,0.385463275729941,52330948.6841982,0.240940951060538,919555531.08936
"Monaco","NonCP","Neither","Colonized","No",1861,164,"Europe",8800430486.17137,226052.001905201,1.41926002502441,NA,NA,0,124900991.920292
"Mongolia","NonCP","Neither","Colonized","Partner",1912,113,"Asia",17146471713.748,4993.51487463495,4.43497490882874,0.619505072530135,97194681.713412,23.3054545741726,760441718.25414
"Montenegro","Neither","Neither","Colonized","Yes",2006,19,"Europe",6251215144.13471,10024.5435616209,NA,1.57303708395214,98011519.0118387,0.680100332773018,NA
"Morocco","Neither","Neither","Colonized","Partner",1956,69,"Africa",142022058447.231,3785.93627929688,5.96660801431303,3.74975618124605,5184928399.54239,0.343915584985535,8473899521.40482
"Mozambique","Neither","Neither","Colonized","No",1975,50,"Africa",18883528581.3734,578.251663751351,6.17059556957808,1.99330115632931,404399185.336049,13.3857064922018,1165226178.02224
"Myanmar","Neither","Neither","Colonized","No",1948,77,"Asia",66757619000,1242.7213439951,NA,4.07092298980473,2498229137.93854,6.67075903857599,NA
"Namibia","Neither","Member","Colonized","No",1990,35,"Africa",12408271449.2244,4349.79908493314,9.33497293762905,2.91089959085182,365631268.764472,2.98043721665714,1158308781.81265
"Nauru","Neither","Neither","Colonized","No",1968,57,"Oceania",152373433.909474,12911.9086441381,5.84108959318592,NA,NA,0,8900268.79086631
"Nepal","Neither","Neither","Colonized","No",1923,102,"Asia",41047772331.0994,1382.33055769304,4.13645081690396,1.15743842490309,436462923.87932,0.510783905458182,1697920913.91064
"Netherlands","CP","Member","Colonizer","Yes",1579,446,"Europe",1054472123449.6,60141.9880911492,5.29139995574951,1.40607718904592,14395695364.2384,0.212140357273653,55796337473.603
"New Caledonia","Neither","Neither","Colonized","No",1998,27,"Oceania",9623318718.31459,33516.363085906,NA,NA,NA,8.40229149864389,NA
"New Zealand","CP","Member","Colonizer","Partner",1840,185,"Oceania",253977931814.967,49099.7090423358,5.3770899772644,1.19404695449297,2905571074.96464,1.38329038795723,13656621916.086
"Nicaragua","Neither","Neither","Colonized","No",1838,187,"North America",15634572502.2294,2322.89053964583,3.94359481736507,0.549759399022683,84214047.8636538,2.74946879007258,616564190.915102
"Niger","Neither","Neither","Colonized","No",1960,65,"Africa",15433852712.2963,609.745147574878,3.82041310443918,1.73360752172491,242507046.323759,5.98866725379697,589636931.54041
"Nigeria","Neither","Neither","Colonized","No",1960,65,"Africa",598586817819.073,2787.48779224428,0.354077172537928,0.650166691789414,3101259562.89729,6.8138971315692,2119459279.71853
"North Macedonia","Neither","Neither","Colonized","Yes",1991,34,"Europe",14000283827.0154,7620.80296977508,NA,1.58059754666542,220214187.362615,0.140942196889422,NA
"Northern Mariana Islands","Neither","Neither","Colonized","No",1978,47,"Oceania",9.14e+08,19455.50139424,NA,NA,NA,NA,NA
"Norway","CP","Member","Neither","Yes",872,1153,"Europe",483592648313.301,87497.2179649556,6.9602198600769,1.81314737150102,8697821939.02253,7.11478164336819,33659111549.7742
"Oman","Neither","Neither","Colonized","No",1951,74,"Asia",106174708036.51,20285.2272897377,5.63039994239807,5.59419531945284,5851755526.658,24.0491214168,5978060700.12898
"Pakistan","NonCP","Acceding","Colonized","Partner",1947,78,"Asia",348516647445.148,1455.31922370186,1.95979475497283,3.17683202352522,10241024484.5759,1.27974330144988,6830210976.83718
"Palau","Neither","Neither","Colonized","No",1994,31,"Oceania",252757659.91211,14218.9861149205,3.52369104827168,NA,NA,0,8906399.03614399
"Panama","Neither","Acceding","Colonized","No",1903,122,"North America",76479304470.9375,17378.6070017557,3.54489505290985,NA,0,2.09994636284157,2711111080.69013
"Papua New Guinea","NonCP","Neither","Colonized","No",1975,50,"Oceania",30816367066.9594,2966.06830432055,0.748053855309068,0.336863761991679,93461981.5668203,19.664203361461,230523021.910584
"Paraguay","Neither","Neither","Neither","No",1811,214,"South America",41952910858.0846,6205.62595379319,3.41070008277893,0.922071975751778,372601369.313781,1.51482456698277,1430887965.36486
"Peru","CP","Acceding","Neither","No",1821,204,"South America",246065570308.155,7350.63034300417,4.24538993835449,1.1644987739258,2657501774.59326,8.35216136132657,10446442963.617
"Philippines","Neither","Neither","Colonized","No",1946,79,"Asia",404353369604.631,3548.06930572116,3.85829051308063,1.31630135538263,5321933197.64622,1.3683730930875,15601127698.7773
"Poland","CP","Member","Colonized","Yes",1918,107,"Europe",695607470875.276,18891.2121169279,4.61998987197876,2.26305371895405,15341313422.5328,0.782856368608147,32136994703.1654
"Portugal","NonCP","Neither","Colonizer","Yes",1143,882,"Europe",256898677175.024,24711.4510062111,4.77341985702515,1.46642848168082,3882450331.12583,0.245849079560177,12262852468.7075
"Qatar","Neither","Neither","Colonized","Partner",1971,54,"Asia",217308516483.516,76688.6941743178,3.23368000984192,6.47628038252737,13502747252.7472,23.7578733589499,7027062057.21149
"Romania","NonCP","Neither","Colonized","Yes",1877,148,"Europe",295319437556.988,15503.551804598,3.31562995910644,1.84762902286434,5300529355.14918,0.82668005931238,9791699746.70413
"Russian Federation","CP","Member","Colonizer","No",882,1143,"Europe",2071505725030.58,14159.3876953125,4.03522309853707,4.60728884010235,102366636459.68,13.049532438188,83589877503.9518
"Rwanda","Neither","Neither","Colonized","No",1962,63,"Africa",13316161002.3912,975.469323735369,4.74213981628418,1.33346574344023,175924380.585353,4.06102739601336,631470972.8949
"Samoa","Neither","Neither","Colonized","No",1962,63,"Oceania",889554711.842341,4132.44717734444,5.45616637544294,NA,NA,0.290958120130858,48535585.0787101
"San Marino","NonCP","Neither","Neither","No",301,1724,"Europe",1842432325.06564,54183.6607861,3.10892009735107,NA,NA,0,57279748.8340583
"Sao Tome and Principe","Neither","Neither","Colonized","No",1975,50,"Africa",540809499.189348,2389.73729784737,5.11161637542602,NA,NA,1.93229267877134,27644106.9204222
"Saudi Arabia","NonCP","Neither","Colonized","No",1932,93,"Asia",1218584533333.33,35121.6628687742,4.48087978363037,7.28424248969983,7.092e+10,21.4418344235645,54603308000.5797
"Senegal","Neither","Neither","Colonized","No",1959,66,"Africa",27783332222.6759,1598.10676952274,5.81960487365722,1.52411336065101,448993705.877196,3.63561451040444,1616880156.09522
"Serbia","Neither","Neither","Both","Partner",1918,107,"Europe",66809895701.2152,10024.8191112596,3.14615988731384,2.29536613396667,1796879440.10484,1.34696308708142,2101946139.30785
"Seychelles","Neither","Neither","Colonized","No",1976,49,"Africa",2018346588.73752,16836.6721895387,4.32057398798175,1.36712279790406,26860869.6918082,0.126065654138136,87204157.7003103
"Sierra Leone","Neither","Neither","Colonized","No",1961,64,"Africa",6971127235.3123,845.277557920549,5.1273250579834,0.582258374348818,37826350.3837256,8.63339804140604,357432353.560073
"Singapore","Neither","Neither","Colonized","No",1965,60,"Asia",505439514078.019,85412.230345235,2.47478008270264,2.80306272990798,11996550573.4536,0.000211530688877943,12508516424.5118
"Sint Maarten (Dutch part)","Neither","Neither","Colonized","No",2010,15,"North America",1592564639.32961,37793.1284399157,4.09892170555004,NA,NA,NA,65277977.6763961
"Slovak Republic","NonCP","Neither","Colonized","Yes",1992,33,"Europe",120511265913.343,22123.3342114545,4.71766996383667,1.83861085562872,2085664762.25736,0.222691659356431,5685323795.03312
"Slovenia","NonCP","Neither","Colonized","Yes",1991,34,"Europe",61540813361.8556,29192.8401933019,5.39167022705078,1.29505522763484,775156293.385613,0.201747737020545,3318077711.51606
"Solomon Islands","Neither","Neither","Colonized","No",1978,47,"Oceania",1536143427.82958,1933.55538435227,8.40985267055572,NA,NA,18.7944687066431,129187399.088892
"Somalia","Neither","Neither","Colonized","No",1960,65,"Africa",1.0203e+10,573.141165798229,6.98491559873e-06,1.17069801771404,118661000,11.3454891479723,712.670938538422
"South Africa","CP","Member","Both","No",1910,115,"Africa",401144998373.585,6267.186814093,6.15599012374878,0.798457056094626,3231017731.35778,5.67317685101072,24694446481.7901
"South Sudan","Neither","Neither","Colonized","No",2011,14,"Africa",NA,NA,NA,1.86635872996114,520445647.167204,NA,NA
"Spain","CP","Member","Colonizer","Yes",1492,533,"Europe",1461244901852.69,30799.4775937775,4.81316995620728,1.4055469125943,20306570632.8304,0.0766513131800707,70332200602.5842
"Sri Lanka","Neither","Neither","Colonized","No",1948,77,"Asia",84335574581.5072,3847.60137695639,1.53221485913825,1.64003079587098,1333312353.41663,0.0841422975954575,1292202205.27748
"St. Kitts and Nevis","Neither","Neither","Colonized","No",1983,42,"North America",981429629.62963,21011.5744209816,3.30147403606881,NA,NA,0,32401644.4045085
"St. Lucia","Neither","Neither","Colonized","No",1979,46,"North America",2342714814.81481,13103.8243147472,3.84700018653403,NA,NA,0.016394829425458,90124243.2958861
"St. Martin (French part)","Neither","Neither","Colonized","No",2010,15,"North America",649206262.847519,21668.3776525323,NA,NA,NA,NA,NA
"St. Vincent and the Grenadines","Neither","Neither","Colonized","No",1979,46,"North America",989188888.888889,9693.55867833025,6.4582691706334,NA,NA,0.0224878029073446,63884481.0504422
"Sudan","Neither","Neither","Colonized","No",1956,69,"Africa",39898289820.7951,797.283447265625,NA,0.950609735469976,654761886.596111,11.0214320326776,NA
"Suriname","Neither","Neither","Colonized","No",1975,50,"South America",3472693412.08497,5521.97602122638,3.78307907467895,NA,NA,7.09697536606699,131374737.800341
"Sweden","CP","Member","Colonizer","Yes",1523,502,"Europe",578990915246.07,54950.2834725622,7.60224008560181,1.33147661923348,7722479440.75299,0.789439745341482,44016279450.8295
"Switzerland","NonCP","Neither","Neither","Partner",1291,734,"Europe",828508926958.393,94394.5106803525,5.02535009384155,0.705659021596424,5731416400.42599,0.00856762815855687,41635474138.3892
"Syrian Arab Republic","Neither","Neither","Colonized","No",1946,79,"Asia",14353205678.4991,663.614245706815,NA,NA,NA,6.37482598047532,NA
"Tajikistan","Neither","Neither","Colonized","Partner",1991,34,"Asia",10713525200.3998,1052.17949484894,5.26673299893412,1.84774975839365,203942083.295576,7.09074124044881,564252767.078579
"Tanzania","Neither","Neither","Colonized","No",1961,64,"Africa",75749121842.9149,1186.71691894531,3.23097255920833,1.154617473534,874979057.71882,5.27270207502333,2447433340.58586
"Thailand","Neither","Neither","Colonized","No",1238,787,"Asia",506194668789.937,7057.20754802279,2.79699725638451,1.24105269630565,6030950056.63075,1.46329746272285,14158250998.0192
"Timor-Leste","Neither","Neither","Colonized","No",1975,50,"Asia",2162619240.86927,1630.86938521256,3.65287360437751,1.77790106333796,44311000,34.5615214625595,78997747.4129028
"Togo","Neither","Neither","Colonized","No",1960,65,"Africa",8646453099.4124,962.075187515872,4.11404951269708,2.38551286600829,198773240.635232,6.29792995978503,355719361.601957
"Tonga","Neither","Neither","Colonized","No",1970,55,"Oceania",537910454.093961,5110.4105644416,5.162544372426,NA,NA,0.0398982685142965,27769865.8765189
"Trinidad and Tobago","Neither","Neither","Colonized","No",1962,63,"North America",25036993423.3664,18308.4536298575,3.13877999782562,0.859057055256023,217163250.585468,6.87076166194827,785856141.629541
"Tunisia","Neither","Neither","Colonized","Partner",1956,69,"Africa",47073234359.1819,3906.93926319391,6.76948908530243,2.5712401122127,1208204189.72994,1.85820159006503,3186617462.04365
"Turkiye","NonCP","Neither","Neither","Yes",1923,102,"Asia",926097476913.818,10897.8397861365,3.53787994384766,1.85888321091456,15782990905.8308,0.612125555291788,32764216896.2132
"Turkmenistan","Neither","Neither","Colonized","Partner",1991,34,"Asia",42208726137.7192,5972.72356566861,3.76267004013061,NA,NA,NA,1588175092.70474
"Tuvalu","Neither","Neither","Colonized","No",1978,47,"Oceania",59631193.9006025,5908.20462575322,14.1552344309606,NA,NA,0,8440935.29061096
"Uganda","Neither","Neither","Colonized","No",1962,63,"Africa",45565333210.9108,963.067314117178,2.57222181308255,1.88159798311992,984759731.680869,7.5195053702514,1172041440.0548
"Ukraine","CP","Member","Colonized","Partner",1991,34,"Europe",181221517868.744,4775.94580078125,5.26120495796204,25.6424104715416,41183927472.8119,4.30301492992996,9534435483.00441
"United Arab Emirates","NonCP","Neither","Colonized","Partner",1971,54,"Asia",511403403675.97,49850.6872175164,3.93911004066467,NA,NA,14.8031646861003,20144742822.501
"United Kingdom","CP","Member","Colonizer","Yes",927,1098,"Europe",3194559188925.93,47691.3768799404,5.6730899810791,2.16304030547387,65148595797.7992,0.436259654434173,181230217286.599
"United States","CP","Member","Colonizer","Yes",1776,249,"North America",25604848907611,76657.2488844403,5.40784502029419,3.40451991574826,860692200000,0.804725101075825,1384670546604.09
"Uruguay","CP","Member","Colonized","No",1825,200,"South America",70594110920.0358,20818.6146091144,4.51585483551025,2.11561237275002,1297897836.81388,2.11058264878293,3187927571.56791
"Uzbekistan","Neither","Neither","Colonized","Partner",1991,34,"Asia",90095926567.4359,2578.66689394219,4.83749579468595,NA,NA,14.7743693915944,4358386658.88306
"Vanuatu","Neither","Acceding","Colonized","No",1980,45,"Oceania",1055031360.57356,3370.21191956953,7.63695001602173,NA,NA,0.598788684631633,80572217.6603568
"Venezuela, RB","NonCP","Neither","Neither","No",1811,214,"South America",89013255584.7499,3155.04207099687,NA,0.575295643291406,2591576.73264645,NA,NA
"Viet Nam","Neither","Neither","Colonized","No",1954,71,"Asia",413445230668.578,4147.69777213621,2.94517488804327,NA,NA,2.17894952317469,12176685109.4635
"Yemen, Rep.","Neither","Neither","Colonized","No",1967,58,"Asia",NA,NA,NA,NA,NA,NA,NA
"Zambia","Neither","Neither","Colonized","No",1964,61,"Africa",25303185342.2511,1187.10943350064,3.80129096292848,1.16572196732911,326078759.598148,25.7431893791234,961847697.748033
"Zimbabwe","Neither","Neither","Colonized","No",1980,45,"Africa",40757561708.7741,2497.20332208763,0.384771297211919,0.974989311324521,332717337.278107,5.57255985301439,156823398.898798
